<?xml version="1.0" encoding="UTF-8" standalone="yes"?><CompositionRulesConfiguration TargetServiceID="CloudService">
    <MetricsCompositionRules>
        <CompositionRule TargetMonitoredElementLevel="VM">
            <ResultingMetric type="RESOURCE" measurementUnit="no" name="numberOfVMs"/>
            <Operation value="1" type="SET_VALUE"/>
        </CompositionRule>
        <CompositionRule TargetMonitoredElementLevel="SERVICE_UNIT">
            <TargetMonitoredElementID>LoadBalancerServiceUnit</TargetMonitoredElementID>
            <ResultingMetric type="RESOURCE" measurementUnit="no" name="numberOfClients"/>
            <Operation MetricSourceMonitoredElementLevel="VM" type="AVG">
                <ReferenceMetric type="RESOURCE" measurementUnit="" name="activeConnections"/>
            </Operation>
        </CompositionRule>
        <CompositionRule TargetMonitoredElementLevel="SERVICE_UNIT">
            <TargetMonitoredElementID>DataNodeServiceUnit</TargetMonitoredElementID>
            <ResultingMetric type="RESOURCE" measurementUnit="%" name="cpuUsage"/>
            <Operation value="100" type="ADD">
                <Operation value="-1" type="MUL">
                    <Operation MetricSourceMonitoredElementLevel="VM" type="AVG">
                        <ReferenceMetric type="RESOURCE" measurementUnit="%" name="cpu_idle"/>
                    </Operation>
                </Operation>
            </Operation>
        </CompositionRule>
        <CompositionRule TargetMonitoredElementLevel="SERVICE_UNIT">
            <TargetMonitoredElementID>DataControllerServiceUnit</TargetMonitoredElementID>
            <ResultingMetric type="RESOURCE" measurementUnit="%" name="cpuUsage"/>
            <Operation value="100" type="ADD">
                <Operation value="-1" type="MUL">
                    <Operation MetricSourceMonitoredElementLevel="VM" type="AVG">
                        <ReferenceMetric type="RESOURCE" measurementUnit="%" name="cpu_idle"/>
                    </Operation>
                </Operation>
            </Operation>
        </CompositionRule>
        <CompositionRule TargetMonitoredElementLevel="SERVICE_UNIT">
            <TargetMonitoredElementID>EventProcessingServiceUnit</TargetMonitoredElementID>
            <ResultingMetric type="RESOURCE" measurementUnit="ms" name="responseTime"/>
            <Operation MetricSourceMonitoredElementLevel="VM" type="AVG">
                <ReferenceMetric type="RESOURCE" measurementUnit="" name="responseTime"/>
            </Operation>
        </CompositionRule>
        <CompositionRule TargetMonitoredElementLevel="SERVICE_UNIT">
            <TargetMonitoredElementID>DataNodeServiceUnit</TargetMonitoredElementID>
            <ResultingMetric type="RESOURCE" measurementUnit="ms" name="latency"/>
            <Operation MetricSourceMonitoredElementLevel="VM" type="AVG">
                <Operation MetricSourceMonitoredElementLevel="VM" type="AVG">
                    <ReferenceMetric type="RESOURCE" measurementUnit="" name="read_latency"/>
                </Operation>
                <Operation MetricSourceMonitoredElementLevel="VM" type="AVG">
                    <ReferenceMetric type="RESOURCE" measurementUnit="" name="write_latency"/>
                </Operation>
            </Operation>
        </CompositionRule>
        <CompositionRule TargetMonitoredElementLevel="SERVICE_UNIT">
            <TargetMonitoredElementID>DataControllerServiceUnit</TargetMonitoredElementID>
            <ResultingMetric type="RESOURCE" measurementUnit="ms" name="latency"/>
            <Operation MetricSourceMonitoredElementLevel="VM" type="AVG">
                <Operation MetricSourceMonitoredElementLevel="VM" type="AVG">
                    <ReferenceMetric type="RESOURCE" measurementUnit="" name="read_latency"/>
                </Operation>
                <Operation MetricSourceMonitoredElementLevel="VM" type="AVG">
                    <ReferenceMetric type="RESOURCE" measurementUnit="" name="write_latency"/>
                </Operation>
            </Operation>
        </CompositionRule>
        <CompositionRule TargetMonitoredElementLevel="SERVICE_UNIT">
            <TargetMonitoredElementID>EventProcessingServiceUnit</TargetMonitoredElementID>
            <ResultingMetric type="RESOURCE" measurementUnit="operations/s" name="throughput"/>
            <Operation MetricSourceMonitoredElementLevel="VM" type="SUM">
                <ReferenceMetric type="RESOURCE" measurementUnit="" name="throughput"/>
            </Operation>
        </CompositionRule>
        <CompositionRule TargetMonitoredElementLevel="SERVICE_UNIT">
            <ResultingMetric type="RESOURCE" measurementUnit="no" name="numberOfVMs"/>
            <Operation MetricSourceMonitoredElementLevel="VM" type="SUM">
                <ReferenceMetric type="RESOURCE" measurementUnit="" name="numberOfVMs"/>
            </Operation>
        </CompositionRule>
        <CompositionRule TargetMonitoredElementLevel="SERVICE_UNIT">
            <ResultingMetric type="RESOURCE" measurementUnit="ms" name="numberOfVMs"/>
            <Operation MetricSourceMonitoredElementLevel="VM" type="SUM">
                <ReferenceMetric type="RESOURCE" measurementUnit="" name="numberOfVMs"/>
            </Operation>
        </CompositionRule>
        <CompositionRule TargetMonitoredElementLevel="SERVICE_UNIT">
            <ResultingMetric type="RESOURCE" measurementUnit="$" name="cost"/>
            <Operation MetricSourceMonitoredElementLevel="SERVICE_UNIT" value="0.12" type="MUL">
                <ReferenceMetric type="RESOURCE" measurementUnit="" name="numberOfVMs"/>
            </Operation>
        </CompositionRule>
        <CompositionRule TargetMonitoredElementLevel="SERVICE_TOPOLOGY">
            <TargetMonitoredElementID>EventProcessingServiceTopology</TargetMonitoredElementID>
            <ResultingMetric type="RESOURCE" measurementUnit="no" name="numberOfClients"/>
            <Operation MetricSourceMonitoredElementLevel="SERVICE_UNIT" type="KEEP">
                <ReferenceMetric type="RESOURCE" measurementUnit="no" name="numberOfClients"/>
                <SourceMonitoredElementID>LoadBalancerServiceUnit</SourceMonitoredElementID>
            </Operation>
        </CompositionRule>
        <CompositionRule TargetMonitoredElementLevel="SERVICE_TOPOLOGY">
            <TargetMonitoredElementID>DataEndServiceTopology</TargetMonitoredElementID>
            <ResultingMetric type="QUALITY" measurementUnit="ms" name="latency"/>
            <Operation MetricSourceMonitoredElementLevel="SERVICE_UNIT" type="KEEP">
                <ReferenceMetric type="QUALITY" measurementUnit="ms" name="latency"/>
            </Operation>
        </CompositionRule>
        <CompositionRule TargetMonitoredElementLevel="SERVICE_TOPOLOGY">
            <ResultingMetric type="RESOURCE" measurementUnit="%" name="cpuUsage"/>
            <Operation MetricSourceMonitoredElementLevel="SERVICE_UNIT" type="AVG">
                <ReferenceMetric type="RESOURCE" measurementUnit="%" name="cpuUsage"/>
            </Operation>
        </CompositionRule>
        <CompositionRule TargetMonitoredElementLevel="SERVICE_TOPOLOGY">
            <TargetMonitoredElementID>EventProcessingServiceTopology</TargetMonitoredElementID>
            <ResultingMetric type="RESOURCE" measurementUnit="ms" name="responseTime"/>
            <Operation MetricSourceMonitoredElementLevel="SERVICE_UNIT" type="AVG">
                <ReferenceMetric type="RESOURCE" measurementUnit="" name="responseTime"/>
                <SourceMonitoredElementID>EventProcessingServiceUnit</SourceMonitoredElementID>
            </Operation>
        </CompositionRule>
        <CompositionRule TargetMonitoredElementLevel="SERVICE_TOPOLOGY">
            <TargetMonitoredElementID>EventProcessingServiceTopology</TargetMonitoredElementID>
            <ResultingMetric type="RESOURCE" measurementUnit="operations/s" name="throughput"/>
            <Operation MetricSourceMonitoredElementLevel="SERVICE_UNIT" type="SUM">
                <ReferenceMetric type="RESOURCE" measurementUnit="" name="throughput"/>
                <SourceMonitoredElementID>EventProcessingServiceUnit</SourceMonitoredElementID>
            </Operation>
        </CompositionRule>
        <CompositionRule TargetMonitoredElementLevel="SERVICE_TOPOLOGY">
            <ResultingMetric type="RESOURCE" measurementUnit="$" name="cost"/>
            <Operation MetricSourceMonitoredElementLevel="SERVICE_UNIT" type="SUM">
                <ReferenceMetric type="RESOURCE" measurementUnit="" name="cost"/>
            </Operation>
        </CompositionRule>
        <CompositionRule TargetMonitoredElementLevel="SERVICE_TOPOLOGY">
            <ResultingMetric type="RESOURCE" measurementUnit="no" name="numberOfVMs"/>
            <Operation MetricSourceMonitoredElementLevel="SERVICE_UNIT" type="SUM">
                <ReferenceMetric type="RESOURCE" measurementUnit="" name="numberOfVMs"/>
            </Operation>
        </CompositionRule>
        <CompositionRule TargetMonitoredElementLevel="SERVICE">
            <ResultingMetric type="RESOURCE" measurementUnit="$" name="cost/client/h"/>
            <Operation MetricSourceMonitoredElementLevel="SERVICE" type="DIV">
                <Operation MetricSourceMonitoredElementLevel="SERVICE_TOPOLOGY" type="SUM">
                    <ReferenceMetric type="RESOURCE" measurementUnit="" name="cost"/>
                </Operation>
                <Operation MetricSourceMonitoredElementLevel="SERVICE_TOPOLOGY" type="KEEP">
                    <ReferenceMetric type="RESOURCE" measurementUnit="" name="numberOfClients"/>
                    <SourceMonitoredElementID>EventProcessingServiceTopology</SourceMonitoredElementID>
                </Operation>
            </Operation>
        </CompositionRule>
    </MetricsCompositionRules>
    <HistoricalMetricsCompositionRules>
        <CompositionRule TargetMonitoredElementLevel="SERVICE_UNIT">
            <TargetMonitoredElementID>LoadBalancerServiceUnit</TargetMonitoredElementID>
            <ResultingMetric type="RESOURCE" measurementUnit="no" name="activeConnections"/>
            <Operation MetricSourceMonitoredElementLevel="VM" type="AVG">
                <ReferenceMetric type="RESOURCE" measurementUnit="" name="activeConnections"/>
            </Operation>
        </CompositionRule>
        <CompositionRule TargetMonitoredElementLevel="SERVICE_UNIT">
            <TargetMonitoredElementID>EventProcessingServiceUnit</TargetMonitoredElementID>
            <ResultingMetric type="RESOURCE" measurementUnit="no" name="throughput"/>
            <Operation MetricSourceMonitoredElementLevel="VM" type="AVG">
                <ReferenceMetric type="RESOURCE" measurementUnit="" name="throughput"/>
            </Operation>
        </CompositionRule>
        <CompositionRule TargetMonitoredElementLevel="SERVICE_UNIT">
            <TargetMonitoredElementID>EventProcessingServiceUnit</TargetMonitoredElementID>
            <ResultingMetric type="RESOURCE" measurementUnit="no" name="responseTime"/>
            <Operation MetricSourceMonitoredElementLevel="VM" type="AVG">
                <ReferenceMetric type="RESOURCE" measurementUnit="" name="responseTime"/>
            </Operation>
        </CompositionRule>
    </HistoricalMetricsCompositionRules>
</CompositionRulesConfiguration>
