<Requirements TargetServiceID="CloudService">
    <Requirement TargetServiceLevel="SERVICE_TOPOLOGY">
        <TargetMonitoredElementID>EventProcessingServiceTopology</TargetMonitoredElementID>
	<TargetMetric name="responseTime" type="COST"/>
        <Condition ID="costCond" Type="LESS_THAN">
            <MetricValue ValueType="NUMERIC">
                <Value xsi:type="xs:double" xmlns:xs="http://www.w3.org/2001/XMLSchema"
                       xmlns:xsi="http://www.w3.org/2001/XMLSchema-instance">500</Value>
            </MetricValue>
        </Condition>
    </Requirement>

    <Requirement TargetServiceLevel="SERVICE_TOPOLOGY">
        <TargetMonitoredElementID>DataEndServiceTopology</TargetMonitoredElementID>
	<TargetMetric name="cpuUsage" type="QUALITY"/>
        <Condition ID="responseTimeCondition" Type="LESS_THAN">
            <MetricValue ValueType="NUMERIC">
                <Value xsi:type="xs:double" xmlns:xs="http://www.w3.org/2001/XMLSchema"
                       xmlns:xsi="http://www.w3.org/2001/XMLSchema-instance">83</Value>
            </MetricValue>
        </Condition>
    </Requirement>

</Requirements>
