<?xml version="1.0" encoding="UTF-8" standalone="yes"?>
<CloudService id="CloudService">
	<ServiceTopology id="DataEndServiceTopology">
		<SYBLDirective Constraints="Co1:CONSTRAINT latency &lt; 0.5 ms;Co2:CONSTRAINT cpuUsage &lt; 80 %"/>
			<Relationship>
			<Master>DataControllerServiceUnit</Master>
			<Slave>DataNodeServiceUnit</Slave>
		</Relationship>
		<ServiceUnit id="DataControllerServiceUnit" />
		<ServiceUnit id="DataNodeServiceUnit" >
		<SYBLDirective Strategies="St3:STRATEGY CASE cpuUsage &lt; 40 : scalein"/>
		</ServiceUnit>
	</ServiceTopology>
	<ServiceTopology id="EventProcessingServiceTopology">
			<SYBLDirective Constraints="Co3:CONSTRAINT responseTime &lt; 600 ms" />
		<Relationship>
			<Master>LoadBalancerServiceUnit</Master>
			<Slave>EventProcessingServiceUnit</Slave>
		</Relationship>
		<ServiceUnit id="LoadBalancerServiceUnit" />
		<ServiceUnit id="EventProcessingServiceUnit" >
				<SYBLDirective Strategies="St2:STRATEGY CASE responseTime &lt; 200 ms AND throughput &lt; 200 : scalein" />					
		</ServiceUnit>
	</ServiceTopology>
</CloudService>



